"count","institution","collection","collection_link"
12,"University of California Santa Cruz","Fungi","https://www.idigbio.org/portal/collections/c8959be3-d81d-48d2-9c81-aaeaf87955ac"
19,"Kaibab National Forest","Herbarium","https://www.idigbio.org/portal/collections/34a9ffba-6e29-4b97-93da-daf99fffb8bc"
22,"University of Minnesota, James Ford Bell Museum of Natural History","Algae","https://www.idigbio.org/portal/collections/f44268e6-be13-487a-89a6-4890add10df3"
23,"University of Montana","Paleontology","https://www.idigbio.org/portal/collections/6b853180-79a9-4e06-a4c1-81d64e2900e0"
29,"Chicago Academy of Sciences","Ichthyology","https://www.idigbio.org/portal/collections/3692457e-a6c4-466b-b7ca-b2f2e00180cc"
37,"University of Wisconsin-Oshkosh","Insects","https://www.idigbio.org/portal/collections/5002ccae-0483-11e5-b0ee-002315492bbc"
37,"College of the Atlantic, George B. Dorr Museum","Entomology","https://www.idigbio.org/portal/collections/775c950b-a9ef-4923-8a1e-89e49c2acf15"
44,"University of Wisconsin, Insect Research Collection","Entomology","https://www.idigbio.org/portal/collections/21672781-fef6-49e9-9c98-5843cb6e6e5e"
60,"New Mexico Natural History Institute","Herbarium","https://www.idigbio.org/portal/collections/a5b59b0d-957c-4949-b097-ce4fea8a6170"
61,"College of the Atlantic, George B. Dorr Museum","Herpetology","https://www.idigbio.org/portal/collections/ea55b0a7-08fe-4802-827a-88fab8f1cdea"
97,"Delaware Museum of Natural History","Eggs","https://www.idigbio.org/portal/collections/bae3ae80-fe39-11e4-ac7a-002315492bbc"
99,"Eastern Illinois University, Stover Ebinger Herbarium","Fungi and Lichens","https://www.idigbio.org/portal/collections/6700e75e-5a1a-4cd3-95ac-35815235f29f"
119,"College of the Atlantic, George B. Dorr Museum","Eggs","https://www.idigbio.org/portal/collections/ec1e54d4-02f5-44b2-9adf-2f2e655697eb"
133,"Black Hills State University","Herbarium","https://www.idigbio.org/portal/collections/ff12fb31-9dc1-4fd3-9de2-061eed090bc7"
140,"Iowa State University","Insects","https://www.idigbio.org/portal/collections/ae58c6ed-022f-4e47-ae7c-d26aea30ddd6"
150,"University of Minnesota, James Ford Bell Museum of Natural History","Paleobotany","https://www.idigbio.org/portal/collections/885d2da2-8bba-4b83-98ed-bfcef6325629"
151,"Chicago Academy of Sciences","Plants","https://www.idigbio.org/portal/collections/0336ef27-b97e-45f5-be30-d3ef4703aea9"
151,"University of Texas at El Paso Biodiversity Collections","Zooplankton","https://www.idigbio.org/portal/collections/723c4d7c-e736-4de8-9ee7-7dca44b0c9c2"
152,"California State University East Bay Natural History Museum","Entomology","https://www.idigbio.org/portal/collections/7bf1eb60-183d-448b-8d2e-bc769f31c622"
156,"Wake Forest University","Herbarium","https://www.idigbio.org/portal/collections/aaf861de-32ca-4b61-9fa5-73ec65afbc25"
158,"University of North Carolina at Asheville","Herbarium","https://www.idigbio.org/portal/collections/86cc64f7-7479-4ddb-bb02-b336111d94d6"
159,"Buffalo Museum of Science","Herpetology","https://www.idigbio.org/portal/collections/646328b9-885b-4eab-ae2a-712b3b0c1b6a"
167,"Utah State University Eastern","Herbarium","https://www.idigbio.org/portal/collections/100de61f-a5bd-491d-ab1a-ee86934e9d38"
180,"Southwestern Regional Forest Service","Herbarium","https://www.idigbio.org/portal/collections/9abee45d-7681-4a4e-9b68-df943da0f488"
183,"Youngstown State University","Herbarium","https://www.idigbio.org/portal/collections/9f334ac2-d273-4b12-aa0e-be655f4d2615"
187,"College of the Atlantic, George B. Dorr Museum","Mammals","https://www.idigbio.org/portal/collections/46044212-8e44-42d4-b019-a5f9dbe744ad"
198,"University of Nebraska Kearney","Herbarium","https://www.idigbio.org/portal/collections/96090409-fa09-4838-b73d-f5f4af0d203e"
233,"Bureau of Land Management, Mother Lode Field Office","Bees","https://www.idigbio.org/portal/collections/bc958340-a6c0-4980-b898-4c814bfd7afe"
242,"University of Texas at El Paso Biodiversity Collections","Fishes","https://www.idigbio.org/portal/collections/1a635923-a13c-4822-99a7-468e2e15de1a"
259,"St. Andrews University","Herbarium","https://www.idigbio.org/portal/collections/951146b3-ebe3-4830-a833-ac282a311e42"
320,"Northern Michigan University","Birds","https://www.idigbio.org/portal/collections/f2da5174-abde-4eb1-818e-6e9f2921cc8f"
384,"University of Illinois Museum of Natural History","Amphibians and Reptiles","https://www.idigbio.org/portal/collections/84b7a431-5a9d-41ca-a9d3-0cb55d4a5842"
413,"University of Nevada, Museum of Natural History","Mammals","https://www.idigbio.org/portal/collections/541dc52e-5702-4cac-88b9-4e4b01569392"
423,"Swaner Preserve and EcoCenter","Herbarium","https://www.idigbio.org/portal/collections/fa5369e3-be3b-4227-be28-c7d318448947"
425,"Utah Department of Agriculture and Food","Entomology","https://www.idigbio.org/portal/collections/fceb1ee2-dcbc-11e4-ae1c-002315492bbc"
440,"Wichita State University Biodiversity Laboratory","Entomology","https://www.idigbio.org/portal/collections/08022e0b-b6c0-494e-a301-fe76c2143b91"
458,"Denver Museum of Nature & Science","Parasitology","https://www.idigbio.org/portal/collections/445ccc64-f3ad-4b9e-bfa5-c752cae2c94e"
483,"University of Oklahoma, Sam Noble Oklahoma State Museum of Natural History","Nests","https://www.idigbio.org/portal/collections/491f1a6f-92d0-4258-9ffb-fbf87cd89ae2"
500,"University of South Carolina Salkehatchie","Herbarium","https://www.idigbio.org/portal/collections/001c5234-048b-11e5-b0ee-002315492bbc"
502,"Bureau of Land Management, Taos Field District Office","Herbarium","https://www.idigbio.org/portal/collections/3f22c204-cabe-474c-b201-62ec4c156ae4"
516,"University of Texas at El Paso Biodiversity Collections","Entomology","https://www.idigbio.org/portal/collections/baac3ae8-c451-472b-b352-42ea82746c58"
531,"University of Wisconsin, Zoological Museum","Malacology","https://www.idigbio.org/portal/collections/422d0e95-f09b-4f83-a643-ca7c7112a4de"
552,"Fort Hays State University, Sternberg Museum, Elam Bartholomew Herbarium","Herbarium","https://www.idigbio.org/portal/collections/ea6f3cf8-220f-44f4-a9ec-3a9f9179bbc3"
564,"Fairchild Tropical Botanic Garden Herbarium","Herbarium","https://www.idigbio.org/portal/collections/c84066f3-1b3c-485e-8b27-3fb6b7d6c164"
577,"Kutztown University, Gregory P. Setfill Collection","Entomology","https://www.idigbio.org/portal/collections/26c126f5-1731-43b4-b585-d80216a6ef0c"
619,"University of Illinois, Illinois Natural History Survey","Mammals","https://www.idigbio.org/portal/collections/8c8c2b78-64ca-4e04-a206-2503ebee3f4d"
623,"Black Rock Forest Consortium","Herbarium","https://www.idigbio.org/portal/collections/6d3b1f5e-4083-439b-abf6-2ca648d2feb8"
643,"Rocky Mountain Biological Laboratory","Mammals","https://www.idigbio.org/portal/collections/e2de9afa-95c1-4670-9568-b34017ff2302"
651,"Benedictine College","Herbarium","https://www.idigbio.org/portal/collections/546eb2d4-92dc-46b6-a500-8892975def7a"
656,"Western Washington University","Entomology","https://www.idigbio.org/portal/collections/25b61b24-2718-4b56-97cb-d221364d07b3"
660,"University of California Berkeley, The Museum of Vertebrate Zoology at Berkeley, Hildebrand Collection","Vertebrates","https://www.idigbio.org/portal/collections/7f1bd8d0-dcbc-11e4-ae1c-002315492bbc"
668,"College of the Atlantic, Acadia National Park Herbarium","Herbarium","https://www.idigbio.org/portal/collections/02f6f5ab-21b4-4dff-90d3-8bd278b1ff0e"
699,"University of Alaska Museum of the North","Herpetology","https://www.idigbio.org/portal/collections/03588c24-fe50-11e4-ac7a-002315492bbc"
716,"William Jewell College","Herbarium","https://www.idigbio.org/portal/collections/e7109a70-71f6-4f8d-98b9-44b869923016"
733,"Denver Botanic Gardens","Arthropods","https://www.idigbio.org/portal/collections/3a782842-fe3a-11e4-ac7a-002315492bbc"
742,"Seney National Wildlife Refuge","Herbarium","https://www.idigbio.org/portal/collections/d575d4a6-f8ab-4a54-8946-c07cc85c42c4"
746,"Bureau of Land Management, Caliente Field Office","Herbarium","https://www.idigbio.org/portal/collections/c84b3a5d-8c3c-40a0-bca1-99d4a52e3163"
748,"University of South Alabama","Herbarium","https://www.idigbio.org/portal/collections/97c315fe-b92e-45e2-888b-537058266018"
817,"Boise State University, Snake River Plains Herbarium","Bryophytes","https://www.idigbio.org/portal/collections/f03b467b-2400-40d6-81a2-08a41880345f"
832,"University of Missouri, W.R. Enns Entomology Museum","Entomology","https://www.idigbio.org/portal/collections/18316d5a-964f-4030-bdc1-e5b7886f28c8"
847,"Washburn University","Herbarium","https://www.idigbio.org/portal/collections/1ac1b0fe-c141-4014-8b83-71ed2616a2b0"
851,"Texas A&M University, S.M. Tracy Herbarium","Herbarium","https://www.idigbio.org/portal/collections/5478a99b-ac8c-4404-94a9-885330eb918b"
878,"College of the Atlantic, George B. Dorr Museum","Birds","https://www.idigbio.org/portal/collections/78ba402f-b0b6-4655-9adc-12372ae693cf"
968,"Tall Timbers Research Station & Land Conservancy","Mammals","https://www.idigbio.org/portal/collections/68570ecf-97e3-44da-954c-4a6b62c2e318"
988,"University of New Mexico","Earth Sciences","https://www.idigbio.org/portal/collections/a2bc6df1-aada-42b0-af56-1097c81a459b"
1000,"University of California Berkeley, Sagehen Creek Field Station","Herbarium","https://www.idigbio.org/portal/collections/d9f724f0-1b6f-4f7d-a790-b8b3a0c1d602"
1001,"Natural History Museum of Los Angeles County","Invertebrate Paleontology","https://www.idigbio.org/portal/collections/3d086afe-1145-4aaf-a0c1-aab5d83a8c38"
1013,"Broward College","Entomology","https://www.idigbio.org/portal/collections/6f1612ca-fdde-4111-8a4e-16f82ecdeb9d"
1015,"Florida State University Coastal and Marine Laboratory","Zoology","https://www.idigbio.org/portal/collections/61484044-6029-4542-9f7f-535fe3de1129"
1028,"Harvard University, Economic Herbarium of Oakes Ames","Herbarium","https://www.idigbio.org/portal/collections/7ba22d85-9d36-442e-9fbf-d7d30f0c9cc6"
1103,"California Polytechnic State University, San Luis Obispo, Robert F. Hoover Herbarium","Herbarium","https://www.idigbio.org/portal/collections/66378cd3-14a7-4658-8850-704c91f0765c"
1157,"Nevada Department of Agriculture","Herbarium","https://www.idigbio.org/portal/collections/78a4465c-dc1a-4c0c-935a-48c78f7c6222"
1177,"Evergreen State College Natural History Museum","Herbarium","https://www.idigbio.org/portal/collections/d0ba208b-9553-4926-8085-35f30403a831"
1192,"Central Michigan University Museum of Cultural and Natural History","Reptiles","https://www.idigbio.org/portal/collections/ca3133e8-3aae-407e-9463-96b9a5e58b14"
1221,"Dugway Proving Ground Natural History","Entomology","https://www.idigbio.org/portal/collections/6e1f042f-d6ee-4c2c-8b06-ff261c02dd2b"
1223,"Wilton Garden Club, Mary Beth Wheeler and Anna Carpenter Herbarium","Herbarium","https://www.idigbio.org/portal/collections/3f10f691-99da-4e74-9a7d-d97a1322ac0e"
1242,"Eastern Michigan University, T. L. Hankinson Vertebrate Museum","Mammals","https://www.idigbio.org/portal/collections/aeb6ba68-911b-44d9-923c-a2d5f3a2d7a4"
1261,"Washington State University, Marion Ownbey Herbarium","Herbarium","https://www.idigbio.org/portal/collections/05ae8c6c-21b3-4140-81d5-5a2d776ab2cd"
1281,"University of Nevada, Museum of Natural History","Entomology","https://www.idigbio.org/portal/collections/da5fc60a-fe36-4bf6-8714-6cb3747211ae"
1303,"Santa Cruz Island Reserve, UCSB Natural Reserve System","Herbarium","https://www.idigbio.org/portal/collections/028ba775-0c54-4ae4-a6eb-c9a3d1b95af6"
1317,"H. J. Andrews Experimental Forest","Herbarium","https://www.idigbio.org/portal/collections/c8db7e6b-60a5-42d4-9a6f-fc9b7b53cbf8"
1333,"Bureau of Land Management, Ely District Office","Herbarium","https://www.idigbio.org/portal/collections/0b176207-5999-44d3-a0e5-2f760f284153"
1335,"Central Michigan University Museum of Cultural and Natural History","Mammals","https://www.idigbio.org/portal/collections/29d9f3f5-0f83-4a87-875f-fcb3812347de"
1376,"Tall Timbers Research Station & Land Conservancy","Insects","https://www.idigbio.org/portal/collections/5f9b6bf4-6907-4417-8937-c59e43b80c28"
1400,"Luther College","Herbarium","https://www.idigbio.org/portal/collections/c0416c8a-04ed-4a00-a569-c8eefc794223"
1402,"Patricia Ledlie Herbarium","Herbarium","https://www.idigbio.org/portal/collections/5e59cada-5053-4695-9096-503b948bab5a"
1453,"Dickinson State University","Herbarium","https://www.idigbio.org/portal/collections/0068cb01-fba5-4173-8616-2ff59d8240a0"
1456,"Arkansas Tech University","Herbarium","https://www.idigbio.org/portal/collections/4d9d1b2e-a3ae-4fa6-afb4-a83dcfea6272"
1495,"Montana State University Northern","Herbarium","https://www.idigbio.org/portal/collections/d1ee291e-c926-4d93-82fe-a49189f0a2d8"
1575,"Indiana University, Deam Herbarium","Herbarium","https://www.idigbio.org/portal/collections/1facebca-3b65-4e4e-8163-3e329a50f97d"
1633,"Santa Barbara Museum of Natural History","Ichthyology","https://www.idigbio.org/portal/collections/6af6962a-fe3f-11e4-ac7a-002315492bbc"
1664,"Arizona Western College","Herbarium","https://www.idigbio.org/portal/collections/0907a39f-7d49-41db-816b-cc4143f0fffe"
1680,"University of Wisconsin-Eau Claire","Herbarium","https://www.idigbio.org/portal/collections/fe995ec9-19f5-427f-a163-e4c466a6a252"
1700,"Fort Lewis College","Herbarium","https://www.idigbio.org/portal/collections/60faf866-f1d3-43f0-9e4d-2107b2e4c387"
1730,"Old Dominion University, Department of Biological Sciences","Herbarium","https://www.idigbio.org/portal/collections/7ff25202-843f-4496-aa2b-97b842b3ddd8"
1738,"Museum of Cultural and Natural History","Fishes","https://www.idigbio.org/portal/collections/76042766-9a70-43e6-ba3b-014fcf72c6a6"
1749,"University of Wisconsin-Stevens Point, Robert W. Freckmann Herbarium","Bryophytes","https://www.idigbio.org/portal/collections/1d637ffd-d261-4f42-b60b-3765757756bc"
1778,"Snow College","Herbarium","https://www.idigbio.org/portal/collections/c77724dd-5fec-4554-97e6-db48dd282d45"
1804,"Worcester Museum of Natural History d.b.a. EcoTarium","Natural History","https://www.idigbio.org/portal/collections/db8c793d-75f3-4663-b3db-2d2f6a79f5db"
1944,"Gila National Forest","Herbarium","https://www.idigbio.org/portal/collections/3edc8781-9419-485f-9154-19a4111ae013"
1948,"University of California Santa Barbara, Cheadle Center for Biodiversity and Ecological Restoration","Mammalogy","https://www.idigbio.org/portal/collections/c9e63a30-72e0-4607-bdbb-a71fccfe9592"
1979,"Ohio State University, Museum of Biological Diversity","Invertebrates","https://www.idigbio.org/portal/collections/d83eea3c-f0ac-4e95-89f5-7e2445a7a997"
1987,"Northern Michigan University","Mammals","https://www.idigbio.org/portal/collections/3d30f290-66a9-4ad8-a003-6c7bb79a9e5e"
2014,"University of Minnesota Insect Collection","Insects","https://www.idigbio.org/portal/collections/c06aa621-5bec-4cd7-9b0e-de159308e2e8"
2021,"Bandelier National Monument","Herbarium","https://www.idigbio.org/portal/collections/182b40fc-9199-4652-b340-72e79ca7b147"
2052,"Angelo State University, Angelo State Natural History Collections","Ornithology","https://www.idigbio.org/portal/collections/d4a32def-975d-459f-8612-1de5ee2824ed"
2086,"Museum of Cultural and Natural History","Amphibians","https://www.idigbio.org/portal/collections/2c987b7b-6b77-4871-afb6-e2feddfcab05"
2090,"Abilene Christian University","Mammals","https://www.idigbio.org/portal/collections/ba0685b3-de8a-444d-97c3-69d5b75c3ff0"
2091,"Southwestern Research Station of the American Museum of Natural History","Herbarium","https://www.idigbio.org/portal/collections/32eb5f3e-5104-426e-9d53-136e859e72ea"
2124,"Tarleton State University, Biological Sciences Department","Herbarium","https://www.idigbio.org/portal/collections/ff9fbeae-0f34-4746-b7eb-76f0df353bfc"
2185,"Michigan State University Museum","Vertebrate Paleontology","https://www.idigbio.org/portal/collections/c3dad9e0-0833-44be-b3de-91b6bdaf5ef9"
2304,"Coconino National Forest","Herbarium","https://www.idigbio.org/portal/collections/bbe292bc-34ed-4461-8b9e-9eb3782603e0"
2336,"University of Richmond","Herbarium","https://www.idigbio.org/portal/collections/b50e0a4c-d5f5-4d6b-af27-a0c22b394f16"
2376,"Ohio State University, Museum of Biological Diversity","Mollusks","https://www.idigbio.org/portal/collections/528fcfac-c86b-493e-80b8-5fda249f638c"
2392,"Ohio State University, Museum of Biological Diversity","Tetrapods, Reptiles","https://www.idigbio.org/portal/collections/12e7f46f-6e94-4cba-a7de-ef4cd905777f"
2398,"University of Alabama Herbarium","Herbarium","https://www.idigbio.org/portal/collections/583d5616-49bd-4a3e-bbe0-011cd048e19b"
2412,"Ohio University","Invertebrate Paleontology","https://www.idigbio.org/portal/collections/83a1a32c-8e39-4c3a-ae98-8794ca2196fe"
2440,"Santa Barbara Museum of Natural History","Herpetology","https://www.idigbio.org/portal/collections/f200fe1b-a752-4165-b036-aece4133366d"
2470,"Bureau of Land Management, Las Cruces District Office","Herbarium","https://www.idigbio.org/portal/collections/8a14fbc3-e309-480b-91c8-ac26acc7ff52"
2473,"University of Central Oklahoma Natural History Museum","Fungi and Lichens","https://www.idigbio.org/portal/collections/d21d1226-e8d5-45b9-be69-ee26fb266e57"
2636,"Cornell College","Herbarium","https://www.idigbio.org/portal/collections/40fec496-9d5d-4a43-bc55-fef35827cfc8"
2681,"North Carolina Zoological Park","Herbarium","https://www.idigbio.org/portal/collections/ddb8f62c-6d4a-4648-9459-3cc5003c01d4"
2687,"University of Maine Herbarium","Mosses","https://www.idigbio.org/portal/collections/53cf4311-b8ec-4f38-bd00-09e8228c28b6"
2743,"University of Illinois, Illinois Natural History Survey","Bryophytes","https://www.idigbio.org/portal/collections/7fffd102-fe3b-11e4-ac7a-002315492bbc"
2783,"Emporia State University, Richard H. Schmidt Museum of Natural History","Birds and Mammals","https://www.idigbio.org/portal/collections/5b54d7f5-05ec-4f1f-b024-5c703af1b52e"
2790,"University of Arkansas","Herbarium","https://www.idigbio.org/portal/collections/a33083e8-a237-4731-83a7-2b7ea78eef8d"
2813,"University of Texas at Austin, The Culture Collection of Algae","Algae culture","https://www.idigbio.org/portal/collections/9b16b878-b986-4fb6-8306-7a6863a2ccca"
2829,"Mote Marine Laboratory","Herbarium","https://www.idigbio.org/portal/collections/c00d62e8-d47b-4951-8f97-8d6d5107e3e8"
2832,"Catalina Island Conservancy","Herbarium","https://www.idigbio.org/portal/collections/9bbafd74-4ffc-4dfb-94e5-b71b93ac9b2a"
2911,"Buffalo Museum of Science","Ornithology","https://www.idigbio.org/portal/collections/fb8ccdf4-0a03-4687-94b9-f2d912e43c1c"
3003,"University of Wyoming, Wilhelm G. Solheim Mycological Herbarium","Herbarium","https://www.idigbio.org/portal/collections/92cf801a-0f66-43a2-9c46-ba285ed0c3bc"
3057,"University of Texas at El Paso Biodiversity Collections","Birds","https://www.idigbio.org/portal/collections/76cf3efc-f7fa-471c-ab23-e53ac2c6852f"
3120,"Chicago Academy of Sciences","Oology","https://www.idigbio.org/portal/collections/1baa47b8-171a-41e5-909e-705b18453a6a"
3167,"Colorado Mesa University, Walter A. Kelley Herbarium","Herbarium","https://www.idigbio.org/portal/collections/b21d66d7-a691-4d68-8140-04c0516f72ac"
3207,"University of Arkansas, University Museum","Herpetology","https://www.idigbio.org/portal/collections/4f2ad6fc-8ef2-48b1-9d99-76b82f65302b"
3240,"Milwaukee Public Museum","Botany","https://www.idigbio.org/portal/collections/946fdb33-cb25-4411-8195-a4decb63963b"
3257,"Craters of the Moon National Monument","Herbarium","https://www.idigbio.org/portal/collections/c28dc8a5-eb3b-4abf-ba7a-ea9c62204534"
3323,"University of Nevada, Las Vegas,Wesley E. Niles Herbarium","Herbarium","https://www.idigbio.org/portal/collections/2251181d-fea9-4c62-95af-82f8e9d8a8b6"
3556,"University of Colorado Museum of Natural History","Ichthyology","https://www.idigbio.org/portal/collections/bfebfd12-5291-47a0-b16a-57290f1277fa"
3631,"Humboldt State University","Herbarium","https://www.idigbio.org/portal/collections/bfde9eb9-a4c2-46ba-92d4-aca30dd32239"
3635,"Hillsdale College","Herbarium","https://www.idigbio.org/portal/collections/5bc383bf-114d-4874-9412-244178fe5440"
3738,"University of Arizona","Herbarium","https://www.idigbio.org/portal/collections/fb2690cc-02d4-4dfb-a6fa-fe07559b19b0"
3769,"University of Oklahoma, Sam Noble Oklahoma State Museum of Natural History","Eggs","https://www.idigbio.org/portal/collections/1301bf15-4bae-4569-a0a0-5415a16ff7dc"
3789,"Bartlett Arboretum","Herbarium","https://www.idigbio.org/portal/collections/83a735ef-f148-4a1c-a548-21612548b11c"
3841,"Northern Illinois University","Herbarium","https://www.idigbio.org/portal/collections/9824e498-8acb-4a57-9b63-2eba0ecd9121"
3876,"Salem College","Herbarium","https://www.idigbio.org/portal/collections/c384e164-226b-4792-948d-0f17315e53f1"
3921,"University of Washington, Friday Harbor Laboratories","Herbarium","https://www.idigbio.org/portal/collections/2b6ffeb8-5054-4b4f-adbc-add7b96230ad"
3923,"Clemson University","Arthropods","https://www.idigbio.org/portal/collections/385a58a2-ed0d-11e4-b70a-002315492bbc"
3924,"University of Vermont, Zadock Thompson Zoological Collection-Invertebrates","Invertebrates","https://www.idigbio.org/portal/collections/013b0343-08e5-486a-9dcc-f45454536727"
3941,"University of Arkansas, University Museum","Mammals","https://www.idigbio.org/portal/collections/2995f059-fb79-44b2-a2ab-2bf9fe0f1b82"
3945,"Tall Timbers Research Station & Land Conservancy","Ornithology","https://www.idigbio.org/portal/collections/99f805a3-48c4-4913-89c1-9a8a411a5e1d"
3958,"New York State Museum","Mycology","https://www.idigbio.org/portal/collections/97872188-e182-4c58-a9f4-1e367364fa0a"
4047,"University of Texas at El Paso Biodiversity Collections","Invertebrates","https://www.idigbio.org/portal/collections/d9f59cf7-04d0-44de-8a3f-616eec97f4c7"
4241,"San Diego State University","Terrestrial Arthropods","https://www.idigbio.org/portal/collections/71d2ab10-f918-4163-8d2b-d9c1186cc583"
4266,"University of Arkansas, University Museum","Birds","https://www.idigbio.org/portal/collections/30b3da9c-aa21-42e8-a9db-3cf8d6dddbfa"
4336,"Grand Valley State University","Herbarium","https://www.idigbio.org/portal/collections/0467de28-b5d7-43e4-bc74-8e384d356d96"
4337,"University of Wisconsin-Stevens Point, Robert W. Freckmann Herbarium","Lichens","https://www.idigbio.org/portal/collections/1782185b-427d-4fc7-ab86-f71a0e981196"
4380,"Linfield College","Herbarium","https://www.idigbio.org/portal/collections/d96e6e19-935f-423f-a625-e30ca81e8424"
4601,"University of Wisconsin, Zoological Museum","Ichthyology","https://www.idigbio.org/portal/collections/68350de1-34bd-4c6d-87f9-6567fb9a8e2f"
4663,"University of Alaska Museum of the North","Herbarium","https://www.idigbio.org/portal/collections/08ce2f42-5009-4222-91eb-48e8f1522eda"
4685,"Campbell University","Herbarium","https://www.idigbio.org/portal/collections/044d5a80-cb0e-471c-b9b9-527c79bde430"
4750,"Archbold Biological Station","Herbarium","https://www.idigbio.org/portal/collections/69e9beb8-cf4d-4b8c-b0fb-b5edf01ea946"
4796,"University of Guam","Herbarium","https://www.idigbio.org/portal/collections/1d95772c-048c-11e5-b0ee-002315492bbc"
4862,"North Carolina State University, Larry F. Grand Mycological Herbarium","Fungi","https://www.idigbio.org/portal/collections/4d3d0319-4242-4e87-a2d5-b8a27008066e"
4932,"Ohio University, The Floyd Bartley Herbarium","Herbarium","https://www.idigbio.org/portal/collections/186567b2-0ea0-46e3-9267-712c20947c42"
4998,"Ohio State University, Museum of Biological Diversity","Tetrapods, Amphibians","https://www.idigbio.org/portal/collections/8a1d160d-7773-4ae6-8372-790facc17a9a"
5000,"Central Michigan University Museum of Cultural and Natural History","Bird","https://www.idigbio.org/portal/collections/bcf57731-e702-4b44-ac52-9a078bab7e42"
5002,"University of West Georgia","Herbarium","https://www.idigbio.org/portal/collections/65dc78f6-ceb0-4f35-93bb-3d17995a1e5d"
5045,"Patuxent Research Refuge - Maryland","Herbarium","https://www.idigbio.org/portal/collections/47ab203c-035e-49c4-a23f-a95e31a498f9"
5113,"Western Connecticut State University","Herbarium","https://www.idigbio.org/portal/collections/1404cea6-83c5-4df4-ad22-8dd655b2d425"
5170,"Eastern New Mexico University, Natural History Museum","Herbarium","https://www.idigbio.org/portal/collections/aebf73f8-4d04-4334-a2b6-54c2f9161cd1"
5290,"University of Mary Washington","Herbarium","https://www.idigbio.org/portal/collections/b229b74a-d728-40b5-a306-2bcccdb6d742"
5343,"Chicago Academy of Sciences","Mammals","https://www.idigbio.org/portal/collections/87869fe7-bc09-4c83-af2c-f5bff2fbba95"
5345,"State University of New York College at Cortland","Herbarium","https://www.idigbio.org/portal/collections/1998d8df-784e-4401-aac8-90cc6fa0b972"
5419,"Colgate University, George R. Cooley Herbarium","Herbarium","https://www.idigbio.org/portal/collections/32bdcfb5-6358-4588-8b03-2bc961534f01"
5419,"Texas Lutheran University","Herbarium","https://www.idigbio.org/portal/collections/4f8ca2e8-db2a-45b4-8254-b13f34cf3df0"
5483,"Bureau of Land Management, Medford District Office","Herbarium","https://www.idigbio.org/portal/collections/7656fb62-e60c-44b2-b1f7-091aca8964e3"
5613,"Bureau of Land Management, Boise District Office","Herbarium","https://www.idigbio.org/portal/collections/7707442d-34b6-4381-aade-7656b2255186"
5633,"Huntington University","Herbarium","https://www.idigbio.org/portal/collections/ae0c96cc-b528-498a-8fa9-2acab58ee250"
5689,"Pittsburg State University, Theodore M. Sperry Herbarium","Herbarium","https://www.idigbio.org/portal/collections/6ff5ead2-fd39-487e-b9f4-b33ac2c055a4"
5850,"University of Arkansas, University Museum","Fishes","https://www.idigbio.org/portal/collections/99ceb18e-ab43-4420-9d9c-b529e8c635c2"
5906,"Eastern Nevada Landscape Coalition","","https://www.idigbio.org/portal/collections/5ae8424c-6ce2-45b2-8e87-605ef8958587"
5975,"Calvin College","Herbarium","https://www.idigbio.org/portal/collections/d6febb08-ec34-11e4-b70a-002315492bbc"
6022,"Reed College","Herbarium","https://www.idigbio.org/portal/collections/ed0df009-99aa-495a-becb-4a99284becd0"
6081,"University of Nevada, Museum of Natural History","Herpetology","https://www.idigbio.org/portal/collections/b800379a-2f8f-4ece-82b7-e66f07688a52"
6176,"University of Wyoming, Rocky Mountain Herbarium","Herbarium","https://www.idigbio.org/portal/collections/775189c9-f1ae-4ab7-9944-dd282e215382"
6185,"Southern Utah University, Garth & Jerri Frehner Museum of Natural History","Herbarium","https://www.idigbio.org/portal/collections/85591488-3c85-4880-8196-4d36e7adb6e0"
6211,"New Mexico Museum of Natural History and Science","Bioscience","https://www.idigbio.org/portal/collections/06035272-8dd1-4841-bf7c-6d22255b55bc"
6250,"Southeastern Louisiana University, Vertebrate Museum","Herpetology","https://www.idigbio.org/portal/collections/5246dce9-750d-4754-8d14-2e56a4045ccb"
6299,"Marie Selby Botanical Gardens","Herbarium","https://www.idigbio.org/portal/collections/46f7c6bc-7458-44b2-ac6c-47a0cb6b9dbe"
6445,"Converse College","Herbarium","https://www.idigbio.org/portal/collections/5317a68e-bd2c-4efb-aa31-2b33629ae220"
6468,"Eastern Washington University","Herbarium","https://www.idigbio.org/portal/collections/efe7f4f9-6a5c-40fc-96c9-957b8473c07e"
6528,"Davidson College","Entomology","https://www.idigbio.org/portal/collections/dc04695d-00f9-4c5d-bb84-c45d6714674a"
6601,"University of Massachusetts Amherst","Insects","https://www.idigbio.org/portal/collections/34c95b4c-8386-4a92-badc-22968d96fc24"
6651,"University of North Carolina Wilmington, David J. Sieren Herbarium","Herbarium","https://www.idigbio.org/portal/collections/07ad48a2-780d-4e1d-b87a-8a17e17f05e3"
6797,"University of Puerto Rico Mayag√ºez","Invertebrates","https://www.idigbio.org/portal/collections/f2f50ab7-ac4a-430e-9c15-7e389a4bffdf"
6874,"Ohio State University, Museum of Biological Diversity","Tetrapods, Mammals","https://www.idigbio.org/portal/collections/0072bfb8-1f2b-46e8-bd2c-38d0a451793f"
6916,"Utah State University Uintah Basin","Herbarium","https://www.idigbio.org/portal/collections/4997e060-77d9-44ab-92aa-97458ba0068d"
6943,"Denver Museum of Nature & Science","Eggs and Nests","https://www.idigbio.org/portal/collections/a4ebe7b4-7598-41cc-a148-992cd98a3c07"
6954,"Rocky Mountain Biological Laboratory","Herbarium","https://www.idigbio.org/portal/collections/25a68dbc-5b52-438f-813f-fbbd0c75433e"
6996,"University of Northern Iowa, Grant Herbarium","Herbarium","https://www.idigbio.org/portal/collections/9eae84e3-7cf1-4b16-80a5-c4f44b94822c"
7000,"University of California Santa Barbara, Cheadle Center for Biodiversity and Ecological Restoration","Ornithology","https://www.idigbio.org/portal/collections/ecd277d0-5a52-430f-96bd-26710bd1872d"
7069,"State University of New York, Department of Forestry and Environmental Science","","https://www.idigbio.org/portal/collections/dc99a456-aef6-4924-b3b8-5bd6c5671f80"
7337,"University of California Santa Cruz","Plants","https://www.idigbio.org/portal/collections/cf051cd8-d8ee-44fb-87ac-2a5d7523da2a"
7388,"University of Wisconsin-La Crosse","Herbarium","https://www.idigbio.org/portal/collections/597ad707-37f9-4907-8bb5-dee07c4ae814"
7506,"Emory University","Herbarium","https://www.idigbio.org/portal/collections/90607704-ff5c-4de5-af39-53a0146ff278"
7509,"Perot Museum of Nature and Science","","https://www.idigbio.org/portal/collections/ea0ea5d3-ce99-49cc-ae5a-175517e16dfb"
7735,"California State University, Chico, Vertebrate Museum","Mammals","https://www.idigbio.org/portal/collections/b35b9742-dcbd-11e4-ae1c-002315492bbc"
7818,"University of Wisconsin-Milwaukee","Herbarium","https://www.idigbio.org/portal/collections/dd64a9a0-e6e3-4d51-8c07-0921d724837f"
7843,"Hope College","Herbarium","https://www.idigbio.org/portal/collections/de427c68-ec27-11e4-b70a-002315492bbc"
7985,"University of Tennessee Herbarium","Vascular Plants","https://www.idigbio.org/portal/collections/36c76b6b-89d3-44e2-baeb-6ebf7c369616"
8172,"Stanford University, Hopkins Marine Station, Gilbert M. Smith Herbarium","Herbarium","https://www.idigbio.org/portal/collections/3ceed2bd-7cd2-4c10-a4f2-462a63504ed1"
8194,"Michigan State University Museum","Ichthyology","https://www.idigbio.org/portal/collections/c7390797-16c4-4fb0-b290-5e959957ca99"
8288,"Natural History Institute","Botany","https://www.idigbio.org/portal/collections/5faecfc4-58b4-437f-8e41-f395c5687b22"
8307,"Santa Barbara Museum of Natural History","Mammals","https://www.idigbio.org/portal/collections/70998e66-fe3f-11e4-ac7a-002315492bbc"
8416,"North Dakota State University","Herbarium","https://www.idigbio.org/portal/collections/ab339610-27da-4e78-9e28-a6c6d5e32369"
8419,"University of Washington, Burke Museum of Natural History and Culture","Herpetology","https://www.idigbio.org/portal/collections/387bde4c-4e56-4ad9-857a-5042a1239e36"
8421,"Arizona State University","Mammalogy","https://www.idigbio.org/portal/collections/046cee40-7617-4971-8580-e5784d88ef13"
8442,"University of Texas at El Paso Biodiversity Collections","Mammals","https://www.idigbio.org/portal/collections/9346f0c0-e940-4982-b92c-a4a3b73ad602"
8606,"Western New Mexico University, Gila Natural History Collections of the Gila Center for Natural History","Vertebrates  (Mammals, Fishes, Birds)","https://www.idigbio.org/portal/collections/174e68cc-3e96-48e6-a97c-5fc42db0f6c3"
8632,"University of North Alabama","Herbarium","https://www.idigbio.org/portal/collections/19475290-35cf-4084-988e-11070f1504c5"
8758,"Pacific Lutheran University","Herbarium","https://www.idigbio.org/portal/collections/451f61c5-230c-4aff-a851-fbae0cd7bd81"
8769,"Mecklenburg County Park and Recreation Herbarium","Herbarium","https://www.idigbio.org/portal/collections/f7f084b0-7ac2-4c87-9d63-8111acd93ba0"
8788,"University of Massachusetts Amherst","Herbarium","https://www.idigbio.org/portal/collections/e69e5d07-dc65-4b34-b762-dcf469433b86"
8791,"Howard University","Herbarium","https://www.idigbio.org/portal/collections/2f325afd-f40e-41f7-b615-f939c62a31aa"
8945,"Virginia Museum of Natural History","Invertebrate Paleontology","https://www.idigbio.org/portal/collections/f17e9b6b-ef1e-40d9-8618-eee2da65c443"
8967,"University of Wyoming, Biodiversity Institute, Museum of Vertebrates","Vertebrates","https://www.idigbio.org/portal/collections/cbb7db5c-f836-47da-aee5-14640abc7df1"
8982,"American Museum of Natural History","Paleontology, Fossil Invertebrates","https://www.idigbio.org/portal/collections/d7af5ec8-fad7-4db2-9026-a90e396b87df"
9053,"University of Hawaii, Joseph F. Rock Herbarium","Herbarium","https://www.idigbio.org/portal/collections/dc29453c-a158-4818-a55a-e0306324daae"
9102,"US Forest Service Southwestern Region","Herbarium","https://www.idigbio.org/portal/collections/1a4b8c96-fddd-428d-96e4-3ae8aaeb95f1"
9131,"Cincinnati Museum Center, Geier Collections & Research Center","Zoology","https://www.idigbio.org/portal/collections/75b674ec-f983-43c1-8829-5238f8a611ac"
9156,"Central Connecticut State University, Orville Bissett Herbarium","Herbarium","https://www.idigbio.org/portal/collections/6002c75c-f808-445c-a9eb-08de6a1a62e8"
9405,"Towson University Biodiversity Center","Herbarium","https://www.idigbio.org/portal/collections/50dee8c5-7abf-411e-bb72-57b18c71571d"
9489,"South Dakota State University, Severin-McDaniel Insect Research Collection","Entomology","https://www.idigbio.org/portal/collections/fea1c2e0-5fd6-4b92-afd3-f715d3f5009f"
9577,"University of Maine Herbarium","Lichens","https://www.idigbio.org/portal/collections/9abeada2-775d-48c7-87c6-890309dfef64"
9804,"Albion College","Herbarium","https://www.idigbio.org/portal/collections/21284742-f3e0-4e3b-869e-441644c55d34"
9889,"University of Connecticut Biodiversity Research Collections","Mammals","https://www.idigbio.org/portal/collections/10df3f45-89b2-4472-b320-cf2b71f2dd82"
9889,"University of Alaska Southeast","Herbarium","https://www.idigbio.org/portal/collections/3ea7da31-9f01-454b-a547-0452efc27802"
10336,"Humboldt State University, Vertebrate Museum","Herpetology, Ornithology, Mammalogy","https://www.idigbio.org/portal/collections/8afc5073-8d32-4775-b741-c506702c2651"
10415,"Morehead State University","Herbarium","https://www.idigbio.org/portal/collections/5913f0ac-cd39-491b-abd2-f8df1c33a331"
10453,"University of Illinois, Illinois Natural History Survey","Herbarium","https://www.idigbio.org/portal/collections/eb764b8b-e8e9-4541-a2e8-8bbef09fcc12"
10505,"Tall Timbers Research Station & Land Conservancy, Robert K. Godfrey Herbarium","Herbarium","https://www.idigbio.org/portal/collections/2f9ce42c-24db-4590-8b12-cd2f01ad1c60"
10549,"Western Washington University","Herbarium","https://www.idigbio.org/portal/collections/cbbdeb37-d64f-4bae-86b9-5374213153a0"
10558,"Duke University Herbarium","Fungi","https://www.idigbio.org/portal/collections/1c91d75c-a30f-48cd-9643-3e54f01195e3"
10608,"University of Alaska Anchorage","Herbarium","https://www.idigbio.org/portal/collections/8b30b100-c0be-4656-b747-cd6e97c7ad69"
10659,"Virginia Polytechnic Institute and State University, Department of Entomology Insect Collection","Entomology","https://www.idigbio.org/portal/collections/cb0a0e34-a156-4ab2-966a-4a63f4309f5c"
10804,"Davis & Elkins College","Herbarium","https://www.idigbio.org/portal/collections/68c04fe8-997a-4ede-b4fa-eed347faaf8e"
10987,"University of Kansas, Biodiversity Institute and Natural History Museum","Ichthyology Tissue","https://www.idigbio.org/portal/collections/0ac080fa-fdb7-11e4-93db-002315492bbc"
11058,"Westfield State University","Herbarium","https://www.idigbio.org/portal/collections/3ff64d08-683d-4707-baff-4195103f2a7d"
11966,"Michigan State University Museum","Ornithology","https://www.idigbio.org/portal/collections/1be5fd60-2404-447e-813c-5358ac446f98"
12022,"Keene State College","Herbarium","https://www.idigbio.org/portal/collections/6295f25e-3505-442e-be6d-c6c1f3235d36"
12194,"West Virginia University","Herbarium","https://www.idigbio.org/portal/collections/5f865c0c-162c-4dd5-9660-176c75986bdc"
12217,"California State University, Long Beach","Mammals","https://www.idigbio.org/portal/collections/4152b546-f243-4a2a-a34b-d6a9ccd96352"
12425,"Miami University","Invertebrate Paleontology","https://www.idigbio.org/portal/collections/c49c2cf8-c0bc-4186-9299-770b6e1615fd"
12497,"North Carolina Museum of Natural Sciences","Non-molluscan Invertebrates","https://www.idigbio.org/portal/collections/d2a714de-2029-4ad9-b4af-b14953cf3a75"
12778,"Rocky Mountain Research Station, USDA Forest Service (Idaho)","Herbarium","https://www.idigbio.org/portal/collections/7dd4ff84-202c-4900-b4ca-eeb9a5231992"
12793,"Navajo Nation Department of Fish and Wildlife","Herbarium","https://www.idigbio.org/portal/collections/9e1cbdc5-d186-4fae-8d9f-9dd4967d05d8"
12888,"University of Arizona, The Robert L. Gilbertson Mycological Herbarium","Herbarium","https://www.idigbio.org/portal/collections/e99d69e0-fc86-42d4-91dc-da6f2e55ee70"
13151,"Georgia Southwestern State University","Herbarium","https://www.idigbio.org/portal/collections/8da5d5b5-1fec-415f-aad6-5e275bc8609d"
13538,"Whitman College","Herbarium","https://www.idigbio.org/portal/collections/a9a8a571-3530-41fa-88ee-ff031b98eeae"
13573,"University of Memphis","Herbarium","https://www.idigbio.org/portal/collections/876836b8-7687-4221-9441-2d97fe4d1beb"
13641,"Connecticut College, Charles B. Graves Herbarium","Herbarium","https://www.idigbio.org/portal/collections/162a39ae-d317-48b1-a8ed-34c60f219fe3"
13897,"Florida State Collection of Arthropods, The Museum of Entomology","Entomology","https://www.idigbio.org/portal/collections/b3d80966-655b-409e-a022-bcba68bc7639"
13925,"Michigan Technological University","Herbarium","https://www.idigbio.org/portal/collections/293a7763-7286-48f5-91f0-4591cede35ae"
13968,"New York State Museum","Ornithology","https://www.idigbio.org/portal/collections/223fa335-13b2-4210-b169-e6ffd9496353"
14165,"New York State Museum","Mammalogy","https://www.idigbio.org/portal/collections/d778f346-e287-471d-8ccc-5c4b564c7b75"
14189,"Humboldt State University, Wildlife Museum","Mammals, Birds, Eggs, Nests","https://www.idigbio.org/portal/collections/9a7e8654-0e9b-440f-aca8-ca899748bec9"
14444,"Kent State University, Theodore M. Sperry Herbarium","Herbarium","https://www.idigbio.org/portal/collections/f4771e58-642c-44ae-ad74-a9fea4862467"
14534,"Troy University","Herbarium","https://www.idigbio.org/portal/collections/dbc30627-1ad4-454c-ac98-4c3d48124569"
14646,"Angelo State University, Angelo State Natural History Collections","Herpetology","https://www.idigbio.org/portal/collections/27de81dd-afc0-4265-8f55-05c2db0081eb"
14733,"University of Colorado Museum of Natural History","Ornithology","https://www.idigbio.org/portal/collections/e6a04efd-334c-481c-ba95-53ba91e6d497"
14861,"Botanical Research Institute of Texas","Herbarium","https://www.idigbio.org/portal/collections/c7aed752-12c2-4955-8bcb-9548d2c94108"
14865,"University of Iowa, Museum of Natural History","Vertebrates","https://www.idigbio.org/portal/collections/fefa6e0b-9d87-4040-bffd-4ea3352c9ebb"
15164,"Fresno City College, Robinson-Winter Museum of Natural History","Tardigrades","https://www.idigbio.org/portal/collections/4133db6e-dd8c-11e4-b325-002315492bbc"
15300,"South Dakota State University, C. A. Taylor Herbarium","Herbarium","https://www.idigbio.org/portal/collections/015ff749-28fd-4247-97c3-1cb5c500a550"
15322,"Chicago Academy of Sciences","Invertebrates, Malacology","https://www.idigbio.org/portal/collections/8906ee12-e9f0-4700-8e47-5231fdd8892c"
15341,"Carnegie Museum of Natural History","Invertebrate Zoology","https://www.idigbio.org/portal/collections/a95d0f01-5513-4325-a541-f77fa78490e5"
15389,"Fort Hays State University, Sternberg Museum","Herpetology","https://www.idigbio.org/portal/collections/9604a687-43f3-44ee-b436-429f5830885c"
15637,"University of California Santa Barbara, Cheadle Center for Biodiversity and Ecological Restoration","Herpetology","https://www.idigbio.org/portal/collections/2e32235d-01f1-4571-8025-24352a958465"
15904,"Chicago Academy of Sciences","Ornithology","https://www.idigbio.org/portal/collections/de039b73-def2-43b2-8d8e-8be4fea01e9a"
15979,"Utah Valley University","Herbarium","https://www.idigbio.org/portal/collections/5301b99f-4134-4282-98cf-65afa9b1ab9e"
16175,"University of Illinois, Illinois Natural History Survey","Crustacea","https://www.idigbio.org/portal/collections/39d11e8f-0fd7-43c5-9f3d-574f3e63b0d1"
16217,"Angelo State University, Angelo State Natural History Collections","Mammalogy","https://www.idigbio.org/portal/collections/fb8e73d9-a803-4959-a239-b9f51558edad"
16476,"University of Wyoming","Entomology","https://www.idigbio.org/portal/collections/150000b6-4490-4130-ad82-134b4db63f13"
17052,"Eastern Michigan University","Herbarium","https://www.idigbio.org/portal/collections/c87f579d-a7b8-435c-ad38-dedda1d2062e"
17067,"University of Colorado Museum of Natural History","Mammalogy","https://www.idigbio.org/portal/collections/e8337f3e-6ba4-49b9-9d9b-5b7f699743e5"
17280,"University of Kentucky, Hymenoptera Institute Collection","Entomology","https://www.idigbio.org/portal/collections/66e8279a-250f-4480-aa31-aac681e7ca26"
17367,"Kansas State University Museum of Entomological and Prairie Arthropod Research","Entomology","https://www.idigbio.org/portal/collections/a68e36b0-bdf9-45ed-b06a-bb3080b31a7b"
17672,"Louisiana State University, Museum of Natural Science","Ichthyology","https://www.idigbio.org/portal/collections/77e0f1f6-3e72-4113-ade7-7f83b4694a4d"
17704,"University of Arizona Museum of Natural History","Ornithology","https://www.idigbio.org/portal/collections/45637399-b5a3-48ec-b663-f77f2290843b"
17713,"North Carolina Museum of Natural Sciences","Mammals","https://www.idigbio.org/portal/collections/e8756989-a13e-4e78-94f8-777ac3313c31"
17828,"Duke University Herbarium","Algae","https://www.idigbio.org/portal/collections/2d802681-9f66-49ee-8aae-ffd219883ab6"
17886,"University of South Carolina Upstate","Herbarium","https://www.idigbio.org/portal/collections/ffe8b443-6ff9-4540-a296-52d5b514b489"
18022,"Portland State University, Herbarium","Herbarium","https://www.idigbio.org/portal/collections/83707b1a-e94a-4b43-8f4b-0b4efe5259d4"
18184,"Louisiana State University, Museum of Natural Science, Bernard Lowy Mycological Herbarium","Herbarium","https://www.idigbio.org/portal/collections/d9726a64-2390-4434-8142-f9cb0d3c8e4e"
18347,"University of Southern Mississippi","Herbarium","https://www.idigbio.org/portal/collections/9ab6caf7-dd66-4cfa-a4ec-4132042c36ed"
18430,"Denver Botanic Gardens, Sam Mitchel Herbarium of Fungi","Fungi","https://www.idigbio.org/portal/collections/e0b47785-0df1-48c4-b50d-6e69b3f01231"
18465,"University of Georgia, Georgia Museum of Natural History","Arthropods","https://www.idigbio.org/portal/collections/67798ef0-c5dc-4a85-8dc1-2e233ee8327c"
18476,"Denver Museum of Nature & Science","Mammals","https://www.idigbio.org/portal/collections/9754f201-6b00-431e-b16d-110ad4c8a4e7"
18647,"Michigan State University Museum","Herpetology","https://www.idigbio.org/portal/collections/63e19932-ec27-4ac2-b9e7-612cf9983acd"
19034,"University of Nebraska Omaha","Herbarium","https://www.idigbio.org/portal/collections/e1ad297a-1822-4b47-9884-438518058eff"
19105,"Southern Illinois University","Herbarium","https://www.idigbio.org/portal/collections/81a6364d-0e36-4778-a621-45cd77b5bfc9"
19171,"University of Minnesota, James Ford Bell Museum of Natural History","Mammals","https://www.idigbio.org/portal/collections/124c0f02-8c86-4945-94f3-b4ed6297f61a"
19425,"Oregon State University, Department of Fisheries Wildlife's Birds, Mammals, and Fishes Collections","Ichthyology","https://www.idigbio.org/portal/collections/4c100664-54a2-4e03-99c6-220bdd1403a8"
19541,"Paleontological Research Institution and its Museum of the Earth","Paleontology","https://www.idigbio.org/portal/collections/a2ef72d1-2747-4632-8c3b-c8b4c9c85325"
19668,"University of Minnesota, James Ford Bell Museum of Natural History","Mollusks","https://www.idigbio.org/portal/collections/54aff50c-fe2d-457b-9ce2-ad6fb6c385a3"
19762,"University of Central Florida","Herbarium","https://www.idigbio.org/portal/collections/750c1454-0f26-4677-9e6a-fbbd1a0081c0"
19808,"State University of New York Binghamton Herbarium","Herbarium","https://www.idigbio.org/portal/collections/d9d3c22e-bed1-45c6-aef1-28ad66256ea8"
19971,"University of Rhode Island","Herbarium","https://www.idigbio.org/portal/collections/47086cad-b46c-4ac3-9a4a-ed70822b3c30"
20375,"University of Oklahoma, Sam Noble Oklahoma State Museum of Natural History","Genomic Resources","https://www.idigbio.org/portal/collections/3025d783-0967-4288-9aab-5e52be804125"
20412,"University of Washington, Burke Museum of Natural History and Culture","Invertebrate Paleontology","https://www.idigbio.org/portal/collections/23992c3e-4837-4869-a918-ea844aae0729"
20413,"Harvard University, Oakes Ames Orchid Herbarium","Herbarium","https://www.idigbio.org/portal/collections/397c254f-71d2-42ec-b02d-a8d7c0f3af53"
20502,"Central Michigan University","Herbarium","https://www.idigbio.org/portal/collections/423cfff7-1802-4b53-954b-9d6cf9e324df"
20585,"Cleveland Museum of Natural History","Invertebrate Paleontology","https://www.idigbio.org/portal/collections/513b1c29-faea-4015-a3ba-b07c0f1fc117"
20773,"University of Utah, Natural History Museum of Utah","Birds","https://www.idigbio.org/portal/collections/41a5ade3-a7c0-4a9f-bcc1-761fc66bdd32"
20921,"North Carolina Museum of Natural Sciences","Birds","https://www.idigbio.org/portal/collections/09ed3966-6db8-4265-be81-71f36735b669"
20957,"Chicago Academy of Sciences","Herpetology","https://www.idigbio.org/portal/collections/1099ae2d-dbee-4afc-9b7b-3ca013d6f782"
20975,"Southern Oregon University","Herbarium","https://www.idigbio.org/portal/collections/ef55feb4-baa1-4c65-a3c3-96d153095395"
21034,"University of Maine Herbarium","Vascular Plants","https://www.idigbio.org/portal/collections/9344b0ee-2f40-4313-9b15-85364a021973"
21520,"University of West Florida, Michael I. Cousens Herbarium","Herbarium","https://www.idigbio.org/portal/collections/4967e4b7-7059-4627-a930-9ffe72229675"
21588,"Harvard University, The Farlow Herbarium","Herbarium","https://www.idigbio.org/portal/collections/7a03c43d-d759-4a2d-a531-6ae021d3e40e"
21695,"University of Oklahoma, Sam Noble Oklahoma State Museum of Natural History","Ornithology","https://www.idigbio.org/portal/collections/e0790d5a-6ffa-417c-9c43-e4b43122c8c9"
21779,"Milwaukee Public Museum","Invertebrate Zoology","https://www.idigbio.org/portal/collections/27601982-5488-4259-8203-6f9a6510de7c"
21823,"University of New Mexico, Museum of Southwestern Biology","Amphibians and Reptiles","https://www.idigbio.org/portal/collections/6d3ab4ec-02dd-4aa7-af42-d86a10ea46c8"
22053,"University of Texas at El Paso Biodiversity Collections","Vertebrates","https://www.idigbio.org/portal/collections/bf10a878-c33e-4bdc-8966-b605088218f1"
22435,"University of Utah, Natural History Museum of Utah","Amphibians And Reptiles","https://www.idigbio.org/portal/collections/1bd2eb01-4d9f-44c7-acef-6c41b9e2a624"
22551,"Cornell University, Museum of Vertebrates","Mammals","https://www.idigbio.org/portal/collections/a50ee6b4-243e-4556-bfe6-dabe62f621f4"
22785,"University of Tennessee, Chattanooga","Entomology","https://www.idigbio.org/portal/collections/a68c1716-dcbe-11e4-ae1c-002315492bbc"
22804,"Texas A&M University, Biodiversity Research and Teaching Collections","Marine Invertebrates","https://www.idigbio.org/portal/collections/de3da9a3-bce4-4f58-89f0-24739cf112a8"
22851,"Field Museum of Natural History","Fossil Plants","https://www.idigbio.org/portal/collections/7fe29950-abfe-4740-87b6-866bc31e357e"
22971,"Northern Kentucky University, John W. Thieret Herbarium","Herbarium","https://www.idigbio.org/portal/collections/a58e0dd1-af01-48a4-80d5-04b88a0481a2"
23109,"Boise State University, Snake River Plains Herbarium","Lichens","https://www.idigbio.org/portal/collections/89abc8cf-da87-4164-a012-fd31c3faf1ff"
23346,"Denver Museum of Nature & Science","Marine Invertebrates","https://www.idigbio.org/portal/collections/4c4d6621-21ca-46f2-8830-cd60fbb85053"
23354,"University of Texas at El Paso Biodiversity Collections","Fossils","https://www.idigbio.org/portal/collections/8d929577-4a06-4830-bc4f-053edbe3cdb9"
23372,"Delaware State University, Claude E. Phililips Herbarium","Herbarium","https://www.idigbio.org/portal/collections/80b7e50b-3b93-45e2-a3ba-d632ee9cc46b"
23419,"Cornell University","Insects","https://www.idigbio.org/portal/collections/c37ecab1-d103-49cc-98f0-97a2a67e4821"
23464,"Berea College, Ralph L. Thompson Herbarium","Herbarium","https://www.idigbio.org/portal/collections/036a6a24-2dd9-478c-ac03-9d4b8355ee94"
23745,"University of Idaho, William F. Barr Entomological Museum","Entomology","https://www.idigbio.org/portal/collections/c70234e8-6f17-4204-8cb3-9de6e99cfc7d"
24115,"California Department of Food and Agriculture","Herbarium","https://www.idigbio.org/portal/collections/d6d10837-4734-4ea6-b0b5-f7a0f18fcfc9"
24849,"Texas A&M University, Biodiversity Research and Teaching Collections","Birds","https://www.idigbio.org/portal/collections/e295ce74-7ef6-4cc2-b9c7-b53ffe4673b2"
25098,"Georgia Southern University, Savannah Science Museum","Herpetology","https://www.idigbio.org/portal/collections/7e4b34e2-2898-4474-be2e-7ae588857716"
25276,"University of Pennsylvania, Morris Arboretum","Herbarium","https://www.idigbio.org/portal/collections/ae5a7f90-a751-4d4b-996b-1ec8f446e20c"
25535,"Fort Hays State University, Sternberg Museum","Ichthyology","https://www.idigbio.org/portal/collections/6b1a91b3-e32d-401b-b50b-950fe5717eab"
26072,"T. L. Esslinger Herbarium","Fungi","https://www.idigbio.org/portal/collections/d429c580-dcbc-11e4-ae1c-002315492bbc"
26130,"Chicago Academy of Sciences","Invertebrates, Entomology","https://www.idigbio.org/portal/collections/4968fdc3-f840-48bc-a7d6-55f65b1672ea"
26285,"Ohio State University, Museum of Biological Diversity","Tetrapods, Birds","https://www.idigbio.org/portal/collections/b34ecc97-5a23-4063-b036-e2c9ff8cbc9c"
26427,"Howard Payne University","Herbarium","https://www.idigbio.org/portal/collections/769ed6de-261b-41d9-aebc-e9c16524dac6"
26653,"Santa Barbara Museum of Natural History","Ornithology","https://www.idigbio.org/portal/collections/78ab5e40-fe3f-11e4-ac7a-002315492bbc"
26789,"Cornell University, Museum of Vertebrates","Amphibians","https://www.idigbio.org/portal/collections/6f55b5bd-7a59-4aad-9b31-c71344d25e67"
27340,"Staten Island Institute of Arts and Sciences / Staten Island Museum","Entomology","https://www.idigbio.org/portal/collections/2523c985-5ba8-4d6d-908b-db7f525582a7"
27495,"Eastern Illinois University, Stover Ebinger Herbarium","Vascular Plants and Bryophytes","https://www.idigbio.org/portal/collections/429094bd-68ff-4fbf-ac02-29b2c2386f3e"
27699,"Delaware Museum of Natural History","Mollusks","https://www.idigbio.org/portal/collections/7a6aad91-a083-48c5-baca-6d0a1e26779b"
27741,"Western New Mexico University, Gila Natural History Collections of the Gila Center for Natural History, Dale A. Zimmerman Herbarium","Herbarium","https://www.idigbio.org/portal/collections/8e65a87f-4380-4280-80f4-1afcba0f739a"
28076,"Western Carolina University","Herbarium","https://www.idigbio.org/portal/collections/304bc2ed-03c6-4182-92b1-7140c8551b65"
28187,"University of Arizona","Mammals","https://www.idigbio.org/portal/collections/245ac2a1-af6b-4664-b804-2a5e7c70c227"
28207,"Auburn University Museum of Natural History, John D. Freeman Herbarium","Herbarium","https://www.idigbio.org/portal/collections/e9f128ce-fe7e-4e06-8a09-aaeccf008c75"
28325,"University of Kansas, Biodiversity Institute and Natural History Museum, R. L. McGregor Herbarium","Herbarium","https://www.idigbio.org/portal/collections/d49bc48b-ef90-4b2b-a5d5-374cb31826f0"
28794,"Illinois State Museum","Zoology","https://www.idigbio.org/portal/collections/7805794f-0115-437e-a6a1-1924a2678b7f"
29120,"California Department of Food and Agriculture, California State Collection of Arthropods","Arthropods","https://www.idigbio.org/portal/collections/56ae332b-35f8-44d5-ba94-e2a0c8ea26dd"
29513,"Milwaukee Public Museum","Herpetology","https://www.idigbio.org/portal/collections/5ff8496f-7311-4b10-9035-ce97a9c6a971"
30200,"University of Illinois, Illinois Natural History Survey","Amphibians and Reptiles","https://www.idigbio.org/portal/collections/d4f189db-cf37-4463-8067-929528e46980"
30478,"University of Alaska Museum of the North","Fishes and Marine Invertebrates","https://www.idigbio.org/portal/collections/9b120484-d4cb-48af-bffc-e29ae067613b"
30797,"North Carolina Museum of Natural Sciences","Invertebrates","https://www.idigbio.org/portal/collections/810f672c-52bd-4642-9319-7a0f11cacf05"
31532,"Archbold Biological Station","Entomology","https://www.idigbio.org/portal/collections/2b41a4ca-0809-42c3-92bc-fd8a0b9a6ff5"
31911,"University of Alaska Museum of the North","Ornithology","https://www.idigbio.org/portal/collections/4eb454d4-5d27-4ec1-b177-74de7107770b"
32119,"Purdue University, Purdue Entomological Research Collection","Entomology","https://www.idigbio.org/portal/collections/24a9fb44-0484-11e5-b0ee-002315492bbc"
32285,"South Dakota School of Mines & Technology, Museum of Geology","Geology","https://www.idigbio.org/portal/collections/e14d807a-6c28-11e5-bdab-180373b97bac"
32526,"California Academy of Sciences","Mammalogy","https://www.idigbio.org/portal/collections/d0a524b5-9e62-4f94-a7b1-84bbdc1af25d"
33007,"Santa Barbara Botanic Garden","Herbarium","https://www.idigbio.org/portal/collections/b4721eaf-e9d9-4839-bf42-5d36e790c23b"
33014,"San Francisco State University, The Harry D. Thiers Herbarium","Herbarium","https://www.idigbio.org/portal/collections/8a044345-790c-4dea-9abb-b59bd64b66fb"
33691,"Virginia Polytechnic Institute and State University, The Massey Herbarium","Herbarium","https://www.idigbio.org/portal/collections/a76cca61-90c3-4983-acf0-a44183bf570f"
33725,"University of Florida, Florida Museum of Natural History","Mammalogy","https://www.idigbio.org/portal/collections/0cc4a143-daa1-45b1-8466-7cf695583a3b"
33988,"Connecticut Botanical Society","Herbarium","https://www.idigbio.org/portal/collections/4644b4e8-935a-4d97-bde6-50e11f116135"
34730,"Bernice Pauahi Bishop Museum","Invertebrate Zoology","https://www.idigbio.org/portal/collections/27283e37-8041-45d7-9407-29ce6fddbbc6"
34756,"Mississippi State University","Herbarium","https://www.idigbio.org/portal/collections/3972bb7c-ecbc-4d99-9392-8e297b9afdf0"
34922,"Rutgers University, Chrysler Herbarium","Herbarium","https://www.idigbio.org/portal/collections/2fbcf031-cdae-4c9d-9c4f-f2fe5db6ee2e"
36166,"Michigan State University Museum","Mammalogy","https://www.idigbio.org/portal/collections/8bdc281d-6b6e-492d-a7aa-4295a5e68ea2"
36507,"George Mason University, Ted R. Bradley Herbarium","Herbarium","https://www.idigbio.org/portal/collections/484e23c9-f5ec-4c1b-bbff-dcce93b81c3d"
36770,"University of California Santa Barbara, Cheadle Center for Biodiversity and Ecological Restoration","Vascular Plants","https://www.idigbio.org/portal/collections/ab8fa5e2-5f06-460a-9119-3a9522392027"
36973,"Museum of Northern Arizona, Walter B. McDougall Herbarium","Herbarium","https://www.idigbio.org/portal/collections/3d09a989-abec-4e51-a7dd-3d229a849a1b"
38668,"Denver Museum of Nature & Science","Arachnids","https://www.idigbio.org/portal/collections/f74f334a-d4a6-47a9-8d21-a1bd32489855"
39322,"Brigham Young University, Monte L. Bean Life Science Museum","Reptiles and Amphibians","https://www.idigbio.org/portal/collections/cea29ec2-dd8a-4c12-81cb-f3a9dba72223"
39529,"Fort Hays State University, Sternberg Museum","Mammalogy","https://www.idigbio.org/portal/collections/dc2719a5-c726-4b2b-b4e8-465a09072110"
40199,"University of Minnesota, James Ford Bell Museum of Natural History","Fishes","https://www.idigbio.org/portal/collections/4537dc49-032e-400b-928e-1fabb97847ad"
40941,"Boston University, Stuart K. Harris Herbarium","Herbarium","https://www.idigbio.org/portal/collections/d20ec68a-0488-11e5-b0ee-002315492bbc"
41212,"Bernice Pauahi Bishop Museum","Ichthyology","https://www.idigbio.org/portal/collections/1614381b-560f-4618-8ebb-c41a3bf52a46"
41387,"New York State Museum","Herbarium","https://www.idigbio.org/portal/collections/d5073077-b5c2-421e-96ae-eeb318fe09cc"
41808,"University of Kansas, Biodiversity Institute and Natural History Museum","Ichthyology","https://www.idigbio.org/portal/collections/f50da0e9-cfe3-4d2a-af93-c20a8864602b"
41987,"Marshall University","Herbarium","https://www.idigbio.org/portal/collections/b5b3ccd7-1cf0-43ef-a06c-c4b43aa7c1da"
42165,"University of Cincinnati, Margaret H. Fulford Herbarium","Herbarium","https://www.idigbio.org/portal/collections/bee4ab6d-0d37-4119-bf47-6b6f155f4948"
42498,"Western Illinois University, R.M. Myers Herbarium","Herbarium","https://www.idigbio.org/portal/collections/68206218-0f1b-4589-aab1-cbb885232af1"
42862,"University of Utah, Natural History Museum of Utah","Mammals","https://www.idigbio.org/portal/collections/7f84864c-0df0-4a76-a273-667a4c31a5a5"
42883,"University of Kentucky, College of Agriculture, Department of Entomology","Entomology","https://www.idigbio.org/portal/collections/4542846f-c415-4673-9be4-de463bd55103"
43116,"Idaho State University, Idaho Museum of Natural History, Ray J. Davis Herbarium","Herbarium","https://www.idigbio.org/portal/collections/c24db883-747e-4cac-9e64-8e9d6e11f011"
44711,"Brigham Young University, Monte L. Bean Life Science Museum","Lichens and Bryophytes","https://www.idigbio.org/portal/collections/60dd8364-f86a-4817-9414-cf4bbc22e4a8"
45119,"North Carolina Museum of Natural Sciences","Vertebrate Paleontology","https://www.idigbio.org/portal/collections/0d5d7048-9563-4e04-8a45-9f0150df0970"
45482,"University of New Mexico, Museum of Southwestern Biology","Arthropods","https://www.idigbio.org/portal/collections/05aae347-644b-4c97-9d2d-80d1a7111b23"
45900,"Louisiana State University, Museum of Natural Science","Mammalogy","https://www.idigbio.org/portal/collections/fa4976e4-2cd0-4649-94da-6b162f7c9f52"
46469,"University of Delaware","Insects","https://www.idigbio.org/portal/collections/002a70a8-ff18-11e4-9eb2-002315492bbc"
46970,"University of Maine at Fort Kent","Herbarium","https://www.idigbio.org/portal/collections/6c3202fa-048d-11e5-b0ee-002315492bbc"
47317,"Longwood University","Herbarium","https://www.idigbio.org/portal/collections/246ffa95-10ea-4e61-b379-6d8546ea2c96"
47901,"Butler University","Herbarium","https://www.idigbio.org/portal/collections/88d5cf36-0656-4e0f-ac88-fde80aad62b3"
48729,"University of New Mexico, Museum of Southwestern Biology","Birds","https://www.idigbio.org/portal/collections/04bcbc38-ab9a-48d8-8d52-b30589b86cd8"
49262,"San Diego Natural History Museum, theNAT","Birds and Mammals","https://www.idigbio.org/portal/collections/cc1ed08a-60a3-4a08-89ae-3e73c17e4503"
49952,"University of Alaska Museum of the North","Earth Sciences","https://www.idigbio.org/portal/collections/28dd3d7c-d921-4c37-ad4b-093cf687f0a7"
50407,"Washington State University, Charles R. Conner Museum","","https://www.idigbio.org/portal/collections/732e6aa9-eb5e-4706-9c24-bfaf338e817b"
50635,"Denver Museum of Nature & Science","Birds","https://www.idigbio.org/portal/collections/6698ff1c-6d83-42c4-b1cb-ad5726608710"
50818,"University of New Mexico, Museum of Southwestern Biology","Parasitology","https://www.idigbio.org/portal/collections/271dcbeb-0ca5-4230-bde3-16cc9e83acb8"
50877,"Emporia State University, H.A. Stephens Herbarium","Herbarium","https://www.idigbio.org/portal/collections/6b03cc3d-f92f-4dae-94d3-ed1cbf1b067c"
51496,"Muhlenberg College","Herbarium","https://www.idigbio.org/portal/collections/b2bdb741-8c9b-4afd-afe9-759c6708e7d0"
51528,"Bernice Pauahi Bishop Museum","Vertebrate Zoology","https://www.idigbio.org/portal/collections/7bcb0a93-c897-4652-a68d-a6d84086abdb"
52065,"University of Texas at Austin, Plant Resource Center, Lundell Herbarium","Herbarium","https://www.idigbio.org/portal/collections/4fb7a019-2f97-4188-bf20-a10dad67487b"
52339,"University of Utah, Natural History Museum of Utah","Entomology","https://www.idigbio.org/portal/collections/bcaaa753-772d-4926-98f5-8f6e209474ae"
52416,"College of Idaho, Harold M. Tucker Herbarium","Herbarium","https://www.idigbio.org/portal/collections/0a1dd71d-99db-4d1c-aaa2-d19fc59981e1"
54344,"University of Maryland, Norton Brown Herbarium","Herbarium","https://www.idigbio.org/portal/collections/5101d085-e1c2-4fc8-bc6b-d945b494c7dc"
54497,"University of Illinois, Illinois Natural History Survey","Fungi","https://www.idigbio.org/portal/collections/160908b4-3765-4594-bbae-ed5d5d9300c1"
55675,"University of Washington, Burke Museum of Natural History and Culture","Mammalogy","https://www.idigbio.org/portal/collections/48d3af39-9204-4e42-805c-964df3d57b6b"
55900,"Ohio State University, Museum of Biological Diversity","Herbarium","https://www.idigbio.org/portal/collections/d2456a0d-2639-4997-8323-944ed8967817"
56029,"University of Oregon, The Museum of Natural and Cultural History","Paleontology","https://www.idigbio.org/portal/collections/ec507154-629b-41d6-810a-8ffbf75ec12b"
56800,"Cornell University, Museum of Vertebrates","Birds","https://www.idigbio.org/portal/collections/7075191d-1cfd-439b-a814-8b7414bbf7bf"
56973,"University of Oklahoma, Sam Noble Oklahoma State Museum of Natural History","Ichthyology","https://www.idigbio.org/portal/collections/3ad1a6e4-f39f-429f-891a-ff08bc235105"
57106,"North Carolina Museum of Natural Sciences","Herpetology","https://www.idigbio.org/portal/collections/cf1a5cd7-a1d0-462f-8b94-ddd61345dd20"
57144,"University of Arizona Museum of Natural History","Herpetology","https://www.idigbio.org/portal/collections/34e7d983-7d1f-45f6-b332-b144109fba19"
57324,"Texas A&M University, Biodiversity Research and Teaching Collections","Fishes","https://www.idigbio.org/portal/collections/d88c08ac-bdec-4f4d-9761-8405f1525582"
58475,"Oregon State University","Herpetology","https://www.idigbio.org/portal/collections/e7da5b7a-2277-49de-b64f-18e3dfe392c6"
58874,"University of Florida, Florida Museum of Natural History","Paleobotany","https://www.idigbio.org/portal/collections/95d1da3f-97c0-4b6c-bf71-a8b56232c90a"
59913,"University of Oklahoma, Sam Noble Oklahoma State Museum of Natural History","Herpetology","https://www.idigbio.org/portal/collections/46eadfcf-9351-499b-9228-b36f61db90bb"
59918,"University of California Davis, Bohart Museum of Entomology","Entomology","https://www.idigbio.org/portal/collections/bca0e509-0a76-4c49-a89e-d7f69e2b1fd3"
60109,"University of Texas at Austin, Texas Memorial Museum, Texas Natural History Collection","Ichthyology","https://www.idigbio.org/portal/collections/32c39867-fc04-41fd-96cc-94dab1eb46a2"
60165,"Cincinnati Museum Center, Geier Collections & Research Center","Invertebrate Paleontology","https://www.idigbio.org/portal/collections/a57efbe1-b115-404d-8872-5726ff645c0c"
61119,"Pennsylvania State University, Frost Entomological Museum","Entomology","https://www.idigbio.org/portal/collections/17391cff-f921-4e66-84ab-a96a243e8c0d"
62125,"University of California Los Angeles","Donald R. Dickey Bird and Mammal Collection","https://www.idigbio.org/portal/collections/1d6ff0ab-2fa8-400b-8205-5f1e22b617c1"
62147,"Montana State University Herbarium","Herbarium","https://www.idigbio.org/portal/collections/ff39c535-b0c8-4956-b38b-1486985ed3e7"
62149,"Field Museum of Natural History","Fossil Invertebrates","https://www.idigbio.org/portal/collections/0a8e9a60-6a23-477d-9cdc-c84ea70837ad"
63415,"Mississippi Museum of Natural Science","Ichthyology","https://www.idigbio.org/portal/collections/c4ce5e33-03c4-42ef-9e13-76d740e4fd41"
64849,"Iowa State University, Ada Hayden Herbarium","Herbarium","https://www.idigbio.org/portal/collections/14b0d827-6b1e-4764-a15c-04880d11fe21"
64950,"Occidental College, Moore Laboratory of Zoology","Zoology","https://www.idigbio.org/portal/collections/4fb68840-c914-410a-b5e3-af4770bbb95f"
65297,"University of Oklahoma, Sam Noble Oklahoma State Museum of Natural History","Mammals","https://www.idigbio.org/portal/collections/aed5b887-cd1f-45a5-ba86-459978bff35d"
65852,"Texas A&M University, Biodiversity Research and Teaching Collections","Mammals","https://www.idigbio.org/portal/collections/bbc87117-f170-43c5-b5c9-d2958105ce95"
66015,"University of Colorado Museum of Natural History","Herpetology","https://www.idigbio.org/portal/collections/379f0737-a3ff-4eb1-af62-6ab399e256ca"
66049,"University of Texas at El Paso Biodiversity Collections","Plants","https://www.idigbio.org/portal/collections/93ab2a45-8a5a-4211-9cd9-4fc7587d5ec8"
66982,"Auburn University Museum of Natural History","Fishes","https://www.idigbio.org/portal/collections/154399f4-5d97-4bc5-8942-dc3fd67f092d"
66999,"Denver Botanic Gardens, Kathryn Kalmbach Herbarium","Herbarium","https://www.idigbio.org/portal/collections/f06c8109-e7df-49f8-917f-a8a549dca5b0"
67968,"University of Wisconsin-Stevens Point, Robert W. Freckmann Herbarium","Vascular Plants","https://www.idigbio.org/portal/collections/5d1ffc75-6099-454d-8908-ea9e2180d235"
68943,"Northern Arizona University, Colorado Plateau Biodiversity Center","Arthropods","https://www.idigbio.org/portal/collections/2b61cdec-6feb-48d8-b087-74a268fd8008"
69846,"Ohio State University, Museum of Biological Diversity","Acarology","https://www.idigbio.org/portal/collections/0e3325c8-260a-4551-9316-b51f19e604bc"
70447,"University of Oklahoma, Sam Noble Oklahoma State Museum of Natural History","Vertebrate Paleontology","https://www.idigbio.org/portal/collections/b9c9116b-df1d-4067-938c-b3c931f3a633"
70784,"Field Museum of Natural History","Pteridophytes","https://www.idigbio.org/portal/collections/a89e2fc0-c8fa-4b00-abdd-4841933e0122"
71068,"Institute for Botanical Exploration","Herbarium","https://www.idigbio.org/portal/collections/d0f95001-b7bb-424c-bd99-edf778477d0e"
71882,"University of Minnesota, James Ford Bell Museum of Natural History","Fungi","https://www.idigbio.org/portal/collections/f48ff072-1ce4-411f-b36a-fe8b975325e9"
72588,"University of Montana Herbarium","Herbarium","https://www.idigbio.org/portal/collections/22de2610-315f-4e03-a45c-31defd9b8f45"
73052,"Valdosta State University","Herbarium","https://www.idigbio.org/portal/collections/78a8d9fe-7237-44e2-aac0-c166503b0967"
74537,"Yale University, Peabody Museum of Natural History","Vertebrate Paleontology","https://www.idigbio.org/portal/collections/3ebe7bbc-2f1b-4c34-b83e-1ae349d7ffb6"
75664,"Cornell University, Plant Pathology Herbarium","Herbarium","https://www.idigbio.org/portal/collections/a1310681-67e8-45ff-b238-24501743a62e"
75671,"University of Mississippi, Thomas M. Pullen Herbarium","Herbarium","https://www.idigbio.org/portal/collections/b152bf16-fab4-4a3f-920d-ab0078c656bc"
75880,"Duke University Herbarium","Lichens","https://www.idigbio.org/portal/collections/a6209632-9136-4d12-9997-c994b4dc717a"
76325,"San Diego Natural History Museum, theNAT","Herpetology","https://www.idigbio.org/portal/collections/46425651-4136-4732-84ce-509b7b51a901"
76380,"Delaware Museum of Natural History","Birds","https://www.idigbio.org/portal/collections/7836075b-83f2-4853-a234-11a352d1ea07"
76804,"University of Colorado Museum of Natural History","Paleontology - Invertebrates and Plants","https://www.idigbio.org/portal/collections/457f02e6-0608-4731-a834-d8c45b7fa36d"
77155,"University of Puget Sound, Slater Museum of Natural History","","https://www.idigbio.org/portal/collections/18c87f7c-453c-4b64-b7ff-6cdf76f55449"
77353,"University of California Riverside, Entomology Research Museum","Entomology","https://www.idigbio.org/portal/collections/2dee99b4-57c1-44e9-9e2f-9bee47fca39f"
78277,"Academy of Natural Sciences of Drexel University","Entomology","https://www.idigbio.org/portal/collections/048130fb-f013-4297-abfe-648a2bf4b28e"
79201,"Boise State University, Snake River Plains Herbarium","Vascular Plants","https://www.idigbio.org/portal/collections/99a9c6f6-cdd1-4af2-8559-dad4fe47306e"
79254,"Carnegie Museum of Natural History","Vertebrate Paleontology","https://www.idigbio.org/portal/collections/e86de8ad-fde7-423b-bb5d-32bfbefbb35b"
79609,"Clemson University, Bob and Betsy Campbell Museum of Natural History","Herbarium","https://www.idigbio.org/portal/collections/38e74bca-03b3-4da9-b520-55091d74ea4e"
80441,"University of Nebraska Lincoln, University of Nebraska State Museum, C.E. Bessey Herbarium","Herbarium","https://www.idigbio.org/portal/collections/9a012dc3-45fe-463b-b71f-1f518646b0ab"
80664,"Harvard University, Museum of Comparative Zoology","Mammalogy","https://www.idigbio.org/portal/collections/d0253ef1-945b-416c-a701-2c6c498dc9c1"
81762,"Brown University","Herbarium","https://www.idigbio.org/portal/collections/f8dc372c-6742-49a2-a602-78a352adfc15"
81809,"Eastern Kentucky University, Ronald L. Jones Herbarium","Herbarium","https://www.idigbio.org/portal/collections/16736c04-c79f-48a1-afc5-0bf9cc6d52f6"
83812,"Northern Arizona University, Colorado Plateau Biodiversity Center, Deaver Herbarium","Herbarium","https://www.idigbio.org/portal/collections/e050e61c-c34a-4445-8a33-c001a8cc85e9"
84315,"Florida State University, Robert K. Godfrey Herbarium","Herbarium","https://www.idigbio.org/portal/collections/e66f276a-a7b7-4982-b9ca-e0a8259185a4"
85338,"University of Kansas, Biodiversity Institute and Natural History Museum","Vertebrate Paleontology","https://www.idigbio.org/portal/collections/98b1dadf-adc4-4d36-ba8b-6b52fa826033"
85945,"Desert Botanical Garden","Herbarium","https://www.idigbio.org/portal/collections/70302ef4-f780-458f-a252-cd7ca8bf44df"
86358,"Oregon State University Herbarium","Herbarium","https://www.idigbio.org/portal/collections/1e0b39d8-4e6d-4ef3-bc7c-6e099a99422c"
88493,"New Mexico State University, Collection of Arthropods","Arthropods","https://www.idigbio.org/portal/collections/935593cf-eb3d-4cf2-adc6-7828218f932d"
89533,"University of Illinois, Illinois Natural History Survey","Mollusks","https://www.idigbio.org/portal/collections/37b30112-830b-4a6d-9547-f25ffd77b462"
91207,"Arizona State University, Frank F. Hasbrouck Insect Collection","Insects","https://www.idigbio.org/portal/collections/ed26928d-9307-4b11-993c-c20927cf5228"
91253,"Cornell University, Museum of Vertebrates","Fishes","https://www.idigbio.org/portal/collections/d716bf9b-5591-4130-9079-791e8260b303"
92562,"North Carolina Museum of Natural Sciences","Fishes","https://www.idigbio.org/portal/collections/4e94b2e7-355d-4458-9923-41a9379ba2e9"
92766,"University of Alabama","Ichthyology","https://www.idigbio.org/portal/collections/1a9fd998-dcc0-11e4-ae1c-002315492bbc"
92825,"Harvard University, New England Botanical Club Herbarium","Herbarium","https://www.idigbio.org/portal/collections/c23a6c9e-bc67-4a51-930b-c0e31f685959"
93261,"Yale University, Peabody Museum of Natural History","Paleobotany","https://www.idigbio.org/portal/collections/d6702499-0698-4069-bf5f-9312bef7ed16"
94474,"University of Texas at Austin, Texas Memorial Museum, Texas Natural History Collection","Herpetology","https://www.idigbio.org/portal/collections/2fcdccb5-c4c2-411e-b6e6-3684b5171143"
95811,"Cleveland Museum of Natural History","Invertebrate Zoology","https://www.idigbio.org/portal/collections/f76b50c0-fc8c-41bb-b67d-278edad10d67"
96006,"University of Arizona","Insects","https://www.idigbio.org/portal/collections/2caeda69-acf1-433e-9578-fc558c3f2f05"
96726,"Buffalo Museum of Science, The Clinton Herbarium","Botany","https://www.idigbio.org/portal/collections/b9161333-5e61-45d7-a95b-7d80931a79d2"
97395,"Denver Museum of Nature & Science","Insects","https://www.idigbio.org/portal/collections/7abab24c-6a25-42db-b5ce-f64a86860236"
97766,"Natural History Museum of Los Angeles County","Mammalogy","https://www.idigbio.org/portal/collections/99b9595a-84bc-4d84-8b6f-d7a8d507dfa1"
99074,"University of New Mexico, Museum of Southwestern Biology","Fishes","https://www.idigbio.org/portal/collections/65c612e9-63c6-43d1-acc6-fb3e024f4eb1"
99463,"University of Texas at Austin, Non-vertebrate Paleontology Lab","Microfossils","https://www.idigbio.org/portal/collections/3b36fb49-4204-4cfa-be0c-fec1f717b4f6"
99493,"California Academy of Sciences","Ornithology","https://www.idigbio.org/portal/collections/15a6700d-942c-48f5-8bd5-1060960fe530"
